problem_id,resource_id,relevance_score,contribution_type,added_at
1,97,0.44,related,2025-02-25 10:14:32
1,81,0.39,background,2025-02-26 04:14:32
2,17,0.97,direct_solution,2025-04-06 21:14:32
2,27,0.95,direct_solution,2025-04-06 16:14:32
2,174,0.46,related,2025-04-06 23:14:32
2,15,0.74,reference,2025-04-07 04:14:32
2,144,0.6,reference,2025-04-07 06:14:32
3,117,0.56,reference,2025-01-29 12:14:32
3,133,0.94,direct_solution,2025-01-30 03:14:32
4,232,0.58,reference,2025-02-27 22:14:32
4,147,0.69,reference,2025-02-27 14:14:32
4,33,0.74,reference,2025-02-27 10:14:32
5,80,0.7,reference,2025-10-02 20:14:32
5,150,0.77,reference,2025-10-03 09:14:32
5,112,0.89,direct_solution,2025-10-03 04:14:32
6,75,0.7,reference,2024-12-23 13:14:32
6,95,0.9,direct_solution,2024-12-24 02:14:32
6,249,0.38,related,2024-12-23 15:14:32
6,3,0.56,reference,2024-12-23 11:14:32
7,49,0.64,reference,2025-10-23 07:14:32
7,171,0.67,reference,2025-10-22 19:14:32
7,122,0.63,reference,2025-10-22 14:14:32
7,178,0.98,direct_solution,2025-10-22 10:14:32
8,57,0.64,reference,2025-09-14 15:14:32
8,236,0.72,reference,2025-09-14 19:14:32
8,1,0.38,background,2025-09-14 14:14:32
8,164,0.3,related,2025-09-14 11:14:32
8,58,0.67,reference,2025-09-14 13:14:32
9,113,0.37,related,2025-08-24 15:14:32
9,50,0.83,direct_solution,2025-08-24 17:14:32
9,162,0.37,related,2025-08-24 14:14:32
9,150,0.84,direct_solution,2025-08-24 17:14:32
10,6,0.61,reference,2025-11-07 12:14:32
10,213,0.56,reference,2025-11-07 23:14:32
11,95,0.78,reference,2024-12-14 04:14:32
11,208,0.48,related,2024-12-13 12:14:32
11,96,0.98,direct_solution,2024-12-13 15:14:32
12,137,0.68,reference,2025-08-30 05:14:32
12,97,0.51,reference,2025-08-30 04:14:32
12,178,0.76,reference,2025-08-29 18:14:32
13,84,0.58,reference,2024-12-08 13:14:32
13,64,0.49,background,2024-12-08 15:14:32
13,14,0.46,related,2024-12-08 14:14:32
14,100,0.64,reference,2025-08-15 19:14:32
14,193,0.41,background,2025-08-16 07:14:32
14,226,0.39,background,2025-08-16 05:14:32
14,166,0.42,related,2025-08-15 15:14:32
14,131,0.56,reference,2025-08-15 16:14:32
14,96,0.59,reference,2025-08-15 21:14:32
15,41,0.95,direct_solution,2025-05-25 18:14:32
15,240,0.61,reference,2025-05-26 03:14:32
15,216,0.9,direct_solution,2025-05-25 19:14:32
15,96,0.64,reference,2025-05-25 22:14:32
15,66,0.65,reference,2025-05-25 17:14:32
15,141,0.55,reference,2025-05-25 16:14:32
16,166,0.97,direct_solution,2024-12-03 01:14:32
16,20,0.52,reference,2024-12-02 17:14:32
16,92,0.32,related,2024-12-02 20:14:32
16,231,0.84,direct_solution,2024-12-02 15:14:32
17,65,0.47,related,2025-09-08 07:14:32
17,78,0.54,reference,2025-09-08 09:14:32
17,191,0.41,background,2025-09-07 09:14:32
17,209,0.36,background,2025-09-07 21:14:32
18,211,0.65,reference,2025-06-30 09:14:32
18,149,0.47,related,2025-06-29 16:14:32
18,194,0.34,related,2025-06-30 01:14:32
18,168,0.67,reference,2025-06-29 23:14:32
18,4,0.39,related,2025-06-29 19:14:32
19,110,0.56,reference,2025-04-01 23:14:32
19,198,0.31,related,2025-04-02 03:14:32
19,242,0.36,related,2025-04-02 00:14:32
20,87,0.62,reference,2025-01-26 09:14:32
20,58,0.59,reference,2025-01-26 03:14:32
20,108,0.96,direct_solution,2025-01-25 13:14:32
20,109,0.99,direct_solution,2025-01-25 19:14:32
21,162,0.5,related,2024-11-29 21:14:32
21,205,0.88,direct_solution,2024-11-30 00:14:32
21,155,0.91,direct_solution,2024-11-29 23:14:32
21,234,0.59,reference,2024-11-29 14:14:32
21,156,0.91,direct_solution,2024-11-29 10:14:32
21,147,0.42,related,2024-11-29 14:14:32
22,18,0.56,reference,2025-09-01 18:14:32
22,234,0.52,reference,2025-09-01 10:14:32
22,247,0.5,reference,2025-09-01 19:14:32
23,101,0.72,reference,2025-03-08 21:14:32
23,41,0.47,related,2025-03-08 15:14:32
23,29,0.75,reference,2025-03-09 06:14:32
23,34,0.68,reference,2025-03-08 18:14:32
23,138,0.65,reference,2025-03-09 06:14:32
24,71,0.88,direct_solution,2025-06-30 16:14:32
24,52,0.77,reference,2025-07-01 00:14:32
24,2,0.67,reference,2025-07-01 08:14:32
24,37,0.93,direct_solution,2025-06-30 23:14:32
24,115,0.75,reference,2025-06-30 18:14:32
25,157,0.55,reference,2024-11-22 04:14:32
25,211,0.39,related,2024-11-22 07:14:32
25,208,0.62,reference,2024-11-21 10:14:32
25,218,0.76,reference,2024-11-21 17:14:32
25,45,0.41,related,2024-11-22 07:14:32
26,233,0.41,background,2025-05-23 11:14:32
26,127,0.4,background,2025-05-23 22:14:32
26,106,0.58,reference,2025-05-24 01:14:32
27,119,0.94,direct_solution,2025-04-17 08:14:32
27,7,0.6,reference,2025-04-16 21:14:32
28,102,0.71,reference,2025-09-18 13:14:32
28,10,0.72,reference,2025-09-19 00:14:32
28,3,0.52,reference,2025-09-19 06:14:32
29,183,0.96,direct_solution,2025-07-07 14:14:32
29,244,0.8,direct_solution,2025-07-07 12:14:32
29,113,0.82,direct_solution,2025-07-08 08:14:32
30,44,0.55,reference,2024-11-19 20:14:32
30,20,0.94,direct_solution,2024-11-20 06:14:32
30,172,0.63,reference,2024-11-19 10:14:32
30,196,0.46,related,2024-11-19 21:14:32
30,3,0.63,reference,2024-11-20 04:14:32
31,13,0.56,reference,2025-02-27 16:14:32
31,198,0.57,reference,2025-02-27 11:14:32
32,108,0.37,related,2025-07-24 06:14:32
32,8,0.57,reference,2025-07-23 12:14:32
33,186,0.53,reference,2025-11-07 19:14:32
33,43,0.69,reference,2025-11-08 04:14:32
33,12,0.66,reference,2025-11-07 22:14:32
34,60,0.86,direct_solution,2025-08-11 09:14:32
34,55,0.59,reference,2025-08-11 21:14:32
35,118,0.58,reference,2025-08-10 04:14:32
35,57,0.52,reference,2025-08-09 15:14:32
35,17,0.73,reference,2025-08-10 00:14:32
36,183,0.48,related,2025-08-07 17:14:32
36,138,0.42,background,2025-08-08 06:14:32
37,86,0.44,background,2025-04-28 11:14:32
37,45,0.68,reference,2025-04-29 03:14:32
37,163,0.65,reference,2025-04-29 08:14:32
38,129,0.35,related,2025-10-06 18:14:32
38,151,0.63,reference,2025-10-06 16:14:32
38,181,0.52,reference,2025-10-06 20:14:32
39,76,0.57,reference,2025-05-15 08:14:32
39,52,0.78,reference,2025-05-15 08:14:32
39,39,0.33,background,2025-05-15 05:14:32
39,97,0.31,background,2025-05-15 05:14:32
39,53,0.45,related,2025-05-15 08:14:32
40,88,0.98,direct_solution,2024-12-15 16:14:32
40,63,0.44,related,2024-12-16 04:14:32
40,53,0.4,related,2024-12-15 23:14:32
40,139,0.52,reference,2024-12-16 00:14:32
41,245,1.0,direct_solution,2025-07-24 15:14:32
41,50,0.83,direct_solution,2025-07-25 02:14:32
42,61,0.64,reference,2025-07-03 14:14:32
42,130,0.35,related,2025-07-04 04:14:32
42,21,0.59,reference,2025-07-03 23:14:32
43,70,0.79,reference,2025-04-22 20:14:32
43,221,0.55,reference,2025-04-22 23:14:32
43,201,0.68,reference,2025-04-22 22:14:32
44,210,0.73,reference,2025-07-15 22:14:32
44,245,0.45,background,2025-07-16 04:14:32
44,204,0.67,reference,2025-07-15 14:14:32
45,98,0.67,reference,2025-05-15 00:14:32
45,119,0.83,direct_solution,2025-05-15 00:14:32
45,79,0.98,direct_solution,2025-05-14 09:14:32
45,117,0.9,direct_solution,2025-05-15 08:14:32
46,126,0.49,background,2025-01-07 21:14:32
46,104,0.69,reference,2025-01-08 03:14:32
46,237,0.98,direct_solution,2025-01-07 12:14:32
46,107,0.67,reference,2025-01-07 15:14:32
47,246,0.4,background,2025-02-07 05:14:32
47,66,0.71,reference,2025-02-07 05:14:32
47,198,0.63,reference,2025-02-06 16:14:32
47,234,0.51,reference,2025-02-06 20:14:32
47,193,0.7,reference,2025-02-07 07:14:32
48,67,0.33,related,2025-05-01 04:14:32
48,155,0.7,reference,2025-04-30 14:14:32
48,117,0.95,direct_solution,2025-05-01 05:14:32
49,102,0.98,direct_solution,2025-04-11 22:14:32
49,181,0.89,direct_solution,2025-04-12 07:14:32
49,151,0.79,reference,2025-04-12 06:14:32
49,250,0.42,background,2025-04-12 09:14:32
49,231,0.45,related,2025-04-11 12:14:32
50,199,0.49,background,2025-06-15 07:14:32
50,205,0.8,reference,2025-06-15 00:14:32
50,89,0.81,direct_solution,2025-06-15 07:14:32
50,209,0.63,reference,2025-06-14 18:14:32
50,37,0.33,background,2025-06-14 14:14:32
50,69,0.34,related,2025-06-15 01:14:32
51,116,0.34,related,2024-11-09 08:14:32
51,146,0.95,direct_solution,2024-11-08 17:14:32
52,113,0.33,background,2025-03-02 11:14:32
52,161,0.58,reference,2025-03-02 19:14:32
52,234,0.85,direct_solution,2025-03-03 00:14:32
52,160,0.53,reference,2025-03-02 10:14:32
52,28,0.79,reference,2025-03-03 06:14:32
53,203,0.66,reference,2025-03-27 09:14:32
53,11,0.65,reference,2025-03-27 09:14:32
53,25,0.63,reference,2025-03-26 20:14:32
53,55,0.6,reference,2025-03-26 19:14:32
53,134,0.49,background,2025-03-26 21:14:32
53,2,0.79,reference,2025-03-26 19:14:32
54,1,0.38,related,2024-11-17 09:14:32
54,117,0.76,reference,2024-11-17 17:14:32
55,95,0.76,reference,2025-07-06 01:14:32
55,116,0.56,reference,2025-07-06 05:14:32
55,159,0.46,related,2025-07-06 05:14:32
56,224,0.44,related,2025-03-17 04:14:32
56,12,0.72,reference,2025-03-16 11:14:32
56,249,0.78,reference,2025-03-17 00:14:32
56,207,0.47,related,2025-03-17 08:14:32
57,76,0.48,related,2025-02-19 13:14:32
57,156,0.53,reference,2025-02-20 06:14:32
57,50,0.5,background,2025-02-19 14:14:32
57,183,0.49,background,2025-02-20 06:14:32
57,37,0.57,reference,2025-02-19 14:14:32
58,28,0.31,background,2025-03-02 21:14:32
58,112,0.34,background,2025-03-03 06:14:32
59,244,0.91,direct_solution,2025-01-21 08:14:32
59,230,0.74,reference,2025-01-20 19:14:32
59,172,0.49,related,2025-01-21 05:14:32
59,32,0.77,reference,2025-01-21 08:14:32
59,171,0.38,background,2025-01-20 16:14:32
60,67,0.82,direct_solution,2025-01-23 08:14:32
60,30,0.56,reference,2025-01-22 12:14:32
60,75,0.54,reference,2025-01-22 19:14:32
61,148,0.56,reference,2025-04-18 21:14:32
61,189,0.36,background,2025-04-19 06:14:32
61,1,0.33,related,2025-04-18 12:14:32
61,80,0.66,reference,2025-04-18 23:14:32
61,16,0.74,reference,2025-04-18 18:14:32
62,128,0.86,direct_solution,2025-06-29 08:14:32
62,175,0.74,reference,2025-06-29 07:14:32
62,117,0.86,direct_solution,2025-06-29 01:14:32
63,71,0.4,related,2025-05-21 00:14:32
63,218,0.79,reference,2025-05-20 10:14:32
64,40,0.49,related,2025-06-23 07:14:32
64,212,0.48,related,2025-06-23 00:14:32
64,184,0.36,related,2025-06-22 09:14:32
64,54,0.6,reference,2025-06-23 06:14:32
65,90,0.36,related,2025-02-03 07:14:32
65,194,0.38,related,2025-02-02 19:14:32
65,101,0.42,related,2025-02-03 07:14:32
65,19,0.7,reference,2025-02-03 03:14:32
65,136,0.94,direct_solution,2025-02-02 18:14:32
66,54,0.45,related,2025-07-03 20:14:32
66,56,0.42,related,2025-07-03 21:14:32
66,206,0.39,related,2025-07-03 10:14:32
67,92,0.78,reference,2025-03-08 12:14:32
67,250,0.43,background,2025-03-08 13:14:32
68,63,0.71,reference,2025-05-06 14:14:32
68,9,0.61,reference,2025-05-07 07:14:32
68,31,0.43,related,2025-05-07 09:14:32
68,62,0.75,reference,2025-05-06 21:14:32
68,102,0.7,reference,2025-05-06 20:14:32
69,31,0.9,direct_solution,2025-04-08 06:14:32
69,30,0.34,background,2025-04-07 17:14:32
70,204,0.9,direct_solution,2025-07-05 05:14:32
70,152,0.36,related,2025-07-04 12:14:32
71,17,0.34,related,2025-09-02 21:14:32
71,183,0.66,reference,2025-09-03 01:14:32
71,233,0.66,reference,2025-09-03 03:14:32
71,221,0.75,reference,2025-09-03 05:14:32
72,193,0.48,related,2025-11-01 04:14:32
72,54,0.5,reference,2025-10-31 23:14:32
73,32,0.55,reference,2025-10-17 02:14:32
73,11,0.73,reference,2025-10-16 11:14:32
73,33,0.4,background,2025-10-17 02:14:32
73,148,1.0,direct_solution,2025-10-17 06:14:32
74,64,0.99,direct_solution,2025-06-22 18:14:32
74,77,0.63,reference,2025-06-23 03:14:32
75,178,0.65,reference,2025-10-02 07:14:32
75,81,0.96,direct_solution,2025-10-01 16:14:32
75,134,0.83,direct_solution,2025-10-01 15:14:32
75,234,0.42,related,2025-10-02 03:14:32
75,91,0.54,reference,2025-10-02 04:14:32
76,20,0.55,reference,2025-09-08 23:14:32
76,141,0.85,direct_solution,2025-09-08 22:14:32
76,66,0.33,related,2025-09-08 11:14:32
76,67,0.58,reference,2025-09-09 05:14:32
76,98,0.56,reference,2025-09-08 20:14:32
77,169,0.55,reference,2024-12-03 22:14:32
77,166,0.79,reference,2024-12-03 16:14:32
77,211,0.82,direct_solution,2024-12-03 12:14:32
77,131,0.62,reference,2024-12-03 19:14:32
77,155,0.61,reference,2024-12-03 19:14:32
77,42,0.33,related,2024-12-03 17:14:32
78,26,0.34,related,2025-04-10 12:14:32
78,97,0.95,direct_solution,2025-04-10 18:14:32
79,211,0.47,background,2025-01-11 04:14:32
79,207,0.81,direct_solution,2025-01-10 19:14:32
79,126,0.38,background,2025-01-11 08:14:32
79,25,0.74,reference,2025-01-11 02:14:32
79,136,0.75,reference,2025-01-11 00:14:32
79,90,0.58,reference,2025-01-11 06:14:32
80,183,0.58,reference,2025-06-07 08:14:32
80,40,0.61,reference,2025-06-07 09:14:32
80,169,0.68,reference,2025-06-07 07:14:32
80,33,0.63,reference,2025-06-06 20:14:32
80,37,0.4,background,2025-06-06 22:14:32
80,97,0.72,reference,2025-06-06 16:14:32
81,163,0.73,reference,2024-12-24 11:14:32
81,220,0.52,reference,2024-12-24 16:14:32
81,23,0.33,related,2024-12-24 11:14:32
81,243,0.41,background,2024-12-24 09:14:32
82,174,0.65,reference,2025-04-04 06:14:32
82,131,0.44,background,2025-04-03 09:14:32
82,239,0.77,reference,2025-04-04 08:14:32
82,188,0.88,direct_solution,2025-04-04 02:14:32
82,35,0.35,related,2025-04-04 04:14:32
83,247,0.48,related,2025-03-02 11:14:32
83,44,0.54,reference,2025-03-02 20:14:32
83,173,0.38,background,2025-03-02 14:14:32
83,239,0.53,reference,2025-03-03 06:14:32
83,226,0.66,reference,2025-03-03 09:14:32
84,75,0.58,reference,2025-10-09 09:14:32
84,77,0.41,related,2025-10-09 18:14:32
85,212,0.31,related,2025-09-09 04:14:32
85,229,0.59,reference,2025-09-08 12:14:32
85,10,0.98,direct_solution,2025-09-08 14:14:32
85,240,0.5,reference,2025-09-08 22:14:32
85,119,0.53,reference,2025-09-09 01:14:32
85,159,0.38,background,2025-09-08 09:14:32
86,197,0.62,reference,2025-07-27 18:14:32
86,169,0.77,reference,2025-07-28 02:14:32
86,65,0.32,background,2025-07-28 06:14:32
87,42,0.98,direct_solution,2025-02-24 07:14:32
87,36,0.84,direct_solution,2025-02-23 10:14:32
87,91,0.88,direct_solution,2025-02-23 19:14:32
87,192,0.33,related,2025-02-24 00:14:32
87,112,0.5,related,2025-02-23 22:14:32
88,141,0.95,direct_solution,2024-12-14 09:14:32
88,127,0.4,background,2024-12-13 13:14:32
88,205,0.82,direct_solution,2024-12-13 09:14:32
88,175,0.87,direct_solution,2024-12-13 09:14:32
88,183,0.35,background,2024-12-13 22:14:32
89,189,0.73,reference,2024-11-17 16:14:32
89,3,0.72,reference,2024-11-17 14:14:32
89,112,0.73,reference,2024-11-17 17:14:32
89,123,0.35,background,2024-11-17 15:14:32
89,75,0.73,reference,2024-11-17 12:14:32
89,73,0.4,related,2024-11-17 15:14:32
90,162,0.58,reference,2025-04-14 15:14:32
90,163,0.39,related,2025-04-14 11:14:32
90,39,0.38,background,2025-04-15 07:14:32
90,59,0.57,reference,2025-04-14 19:14:32
90,31,0.52,reference,2025-04-14 22:14:32
90,34,0.59,reference,2025-04-14 17:14:32
91,72,0.6,reference,2025-03-07 10:14:32
91,242,0.8,direct_solution,2025-03-08 06:14:32
91,90,0.34,background,2025-03-07 17:14:32
91,183,0.32,related,2025-03-07 17:14:32
92,94,0.7,reference,2025-04-22 09:14:32
92,86,0.37,background,2025-04-22 08:14:32
92,78,0.41,background,2025-04-21 16:14:32
92,29,0.56,reference,2025-04-21 21:14:32
92,25,0.82,direct_solution,2025-04-22 05:14:32
93,31,0.56,reference,2025-07-02 07:14:32
93,11,0.53,reference,2025-07-02 02:14:32
93,151,0.59,reference,2025-07-02 00:14:32
93,248,0.34,related,2025-07-01 10:14:32
93,234,0.88,direct_solution,2025-07-02 07:14:32
93,227,0.76,reference,2025-07-02 02:14:32
94,230,0.48,related,2025-06-26 00:14:32
94,94,0.78,reference,2025-06-26 01:14:32
94,115,0.33,background,2025-06-26 07:14:32
94,162,0.36,related,2025-06-26 07:14:32
95,190,0.66,reference,2024-11-28 01:14:32
95,209,0.33,background,2024-11-28 02:14:32
95,102,0.38,background,2024-11-27 15:14:32
96,1,0.71,reference,2024-12-11 01:14:32
96,41,0.71,reference,2024-12-11 01:14:32
96,147,0.76,reference,2024-12-10 18:14:32
97,142,0.85,direct_solution,2025-04-14 10:14:32
97,31,0.78,reference,2025-04-14 17:14:32
97,44,0.35,related,2025-04-15 05:14:32
97,58,0.5,related,2025-04-15 02:14:32
98,1,0.68,reference,2025-07-13 20:14:32
98,167,0.78,reference,2025-07-14 02:14:32
99,185,0.6,reference,2025-01-29 10:14:32
99,35,0.5,reference,2025-01-29 20:14:32
99,105,0.79,reference,2025-01-29 14:14:32
99,230,0.5,reference,2025-01-30 06:14:32
100,28,0.76,reference,2025-04-15 05:14:32
100,185,0.56,reference,2025-04-14 23:14:32
100,191,0.58,reference,2025-04-15 03:14:32
100,177,0.76,reference,2025-04-14 21:14:32
100,98,0.85,direct_solution,2025-04-15 08:14:32
100,243,0.54,reference,2025-04-15 00:14:32
101,127,0.74,reference,2025-03-15 14:14:32
101,47,0.9,direct_solution,2025-03-16 08:14:32
102,166,0.77,reference,2025-06-18 21:14:32
102,73,0.56,reference,2025-06-18 13:14:32
102,6,0.85,direct_solution,2025-06-19 05:14:32
103,26,0.3,related,2024-11-21 21:14:32
103,186,0.53,reference,2024-11-21 09:14:32
103,135,0.43,related,2024-11-21 13:14:32
103,36,0.53,reference,2024-11-21 13:14:32
103,187,0.42,related,2024-11-21 12:14:32
104,189,0.64,reference,2025-02-26 03:14:32
104,210,0.46,background,2025-02-25 19:14:32
104,87,0.57,reference,2025-02-26 02:14:32
104,219,0.69,reference,2025-02-25 12:14:32
104,182,0.81,direct_solution,2025-02-26 02:14:32
104,22,0.65,reference,2025-02-25 22:14:32
105,1,0.89,direct_solution,2025-09-08 13:14:32
105,234,0.59,reference,2025-09-09 06:14:32
105,58,0.77,reference,2025-09-08 12:14:32
106,44,0.37,background,2025-08-02 12:14:32
106,29,0.78,reference,2025-08-02 11:14:32
106,58,0.42,related,2025-08-02 22:14:32
106,27,0.68,reference,2025-08-03 06:14:32
106,245,0.77,reference,2025-08-03 06:14:32
107,160,0.35,background,2025-09-01 06:14:32
107,210,0.58,reference,2025-09-01 07:14:32
107,74,0.46,related,2025-09-01 09:14:32
107,90,0.6,reference,2025-08-31 21:14:32
108,185,0.32,background,2025-04-07 08:14:32
108,204,0.53,reference,2025-04-06 13:14:32
108,202,0.88,direct_solution,2025-04-06 19:14:32
108,250,0.64,reference,2025-04-06 22:14:32
108,123,0.69,reference,2025-04-06 13:14:32
109,99,0.66,reference,2025-10-09 02:14:32
109,108,0.57,reference,2025-10-08 11:14:32
109,141,0.63,reference,2025-10-09 03:14:32
110,180,0.56,reference,2024-12-19 09:14:32
110,23,0.64,reference,2024-12-19 13:14:32
110,61,0.31,background,2024-12-19 20:14:32
111,76,0.41,background,2025-06-13 16:14:32
111,118,0.57,reference,2025-06-14 08:14:32
111,37,0.99,direct_solution,2025-06-14 07:14:32
112,97,0.63,reference,2024-11-22 10:14:32
112,188,0.43,related,2024-11-23 00:14:32
112,7,0.47,related,2024-11-22 13:14:32
113,37,0.97,direct_solution,2025-05-16 22:14:32
113,21,0.84,direct_solution,2025-05-17 08:14:32
113,63,0.91,direct_solution,2025-05-16 18:14:32
113,20,0.72,reference,2025-05-16 23:14:32
114,74,0.98,direct_solution,2025-01-06 10:14:32
114,29,0.55,reference,2025-01-06 14:14:32
115,102,0.78,reference,2024-12-21 23:14:32
115,214,0.75,reference,2024-12-22 03:14:32
116,79,0.53,reference,2025-07-17 21:14:32
116,182,0.33,related,2025-07-17 21:14:32
116,59,0.57,reference,2025-07-17 14:14:32
116,109,0.5,related,2025-07-18 07:14:32
116,239,0.59,reference,2025-07-18 05:14:32
116,41,0.61,reference,2025-07-17 10:14:32
117,166,0.82,direct_solution,2024-12-15 04:14:32
117,109,0.37,related,2024-12-14 18:14:32
117,50,0.82,direct_solution,2024-12-14 15:14:32
117,70,0.73,reference,2024-12-14 18:14:32
118,142,0.35,related,2025-04-12 03:14:32
118,52,0.67,reference,2025-04-12 00:14:32
118,164,0.86,direct_solution,2025-04-11 18:14:32
119,92,0.62,reference,2025-07-22 15:14:32
119,193,0.62,reference,2025-07-22 20:14:32
120,180,0.77,reference,2025-06-09 01:14:32
120,173,0.96,direct_solution,2025-06-08 13:14:32
120,25,0.96,direct_solution,2025-06-09 00:14:32
121,223,0.52,reference,2025-01-27 05:14:32
121,219,0.94,direct_solution,2025-01-26 15:14:32
121,10,0.43,related,2025-01-27 01:14:32
121,75,0.72,reference,2025-01-27 05:14:32
121,42,0.73,reference,2025-01-26 23:14:32
121,39,0.37,background,2025-01-27 04:14:32
122,11,0.56,reference,2025-01-09 04:14:32
122,229,0.79,reference,2025-01-09 03:14:32
122,183,0.65,reference,2025-01-08 09:14:32
122,199,0.97,direct_solution,2025-01-09 02:14:32
122,175,0.46,related,2025-01-09 00:14:32
123,117,0.86,direct_solution,2025-07-28 11:14:32
123,81,0.61,reference,2025-07-28 11:14:32
124,46,0.35,background,2025-09-08 17:14:32
124,182,0.39,related,2025-09-08 12:14:32
125,125,0.69,reference,2025-08-26 06:14:32
125,11,0.87,direct_solution,2025-08-26 04:14:32
125,94,0.37,background,2025-08-26 01:14:32
125,220,0.76,reference,2025-08-26 06:14:32
125,74,1.0,direct_solution,2025-08-25 10:14:32
125,103,0.35,related,2025-08-25 13:14:32
126,75,0.88,direct_solution,2025-08-19 11:14:32
126,97,0.76,reference,2025-08-20 06:14:32
127,90,0.66,reference,2025-09-13 23:14:32
127,120,0.84,direct_solution,2025-09-13 12:14:32
128,197,0.87,direct_solution,2025-07-09 04:14:32
128,111,0.71,reference,2025-07-09 00:14:32
128,52,0.89,direct_solution,2025-07-09 02:14:32
128,103,0.89,direct_solution,2025-07-09 05:14:32
128,85,0.67,reference,2025-07-09 04:14:32
129,16,0.64,reference,2025-07-10 10:14:32
129,240,0.51,reference,2025-07-11 09:14:32
129,207,0.58,reference,2025-07-11 05:14:32
129,93,0.83,direct_solution,2025-07-10 17:14:32
129,203,0.59,reference,2025-07-11 07:14:32
130,224,0.34,related,2025-10-26 11:14:32
130,108,0.39,background,2025-10-26 14:14:32
130,135,0.99,direct_solution,2025-10-27 00:14:32
130,55,0.71,reference,2025-10-26 14:14:32
130,172,0.39,background,2025-10-26 09:14:32
131,201,0.68,reference,2025-02-03 19:14:32
131,229,0.75,reference,2025-02-04 08:14:32
131,153,0.45,background,2025-02-03 09:14:32
131,51,0.89,direct_solution,2025-02-03 13:14:32
131,20,0.59,reference,2025-02-04 06:14:32
131,186,0.66,reference,2025-02-03 09:14:32
132,242,0.79,reference,2025-11-02 12:14:32
132,214,0.95,direct_solution,2025-11-02 15:14:32
132,220,0.66,reference,2025-11-02 14:14:32
132,33,0.56,reference,2025-11-02 15:14:32
132,163,0.49,related,2025-11-02 20:14:32
133,5,0.76,reference,2025-04-05 07:14:32
133,78,0.8,reference,2025-04-04 22:14:32
133,230,0.61,reference,2025-04-05 02:14:32
133,79,0.79,reference,2025-04-04 19:14:32
134,238,0.61,reference,2025-01-17 02:14:32
134,46,0.66,reference,2025-01-16 21:14:32
135,217,0.58,reference,2024-11-10 04:14:32
135,169,0.48,related,2024-11-09 11:14:32
135,177,0.32,related,2024-11-10 04:14:32
135,175,0.32,related,2024-11-10 05:14:32
136,129,0.63,reference,2025-08-07 16:14:32
136,149,0.41,related,2025-08-07 15:14:32
136,207,0.49,background,2025-08-07 23:14:32
136,9,0.75,reference,2025-08-08 07:14:32
136,171,0.38,background,2025-08-07 16:14:32
137,73,0.46,background,2025-01-01 06:14:32
137,69,0.77,reference,2024-12-31 22:14:32
137,226,0.81,direct_solution,2024-12-31 20:14:32
137,169,0.4,background,2024-12-31 19:14:32
137,68,0.91,direct_solution,2024-12-31 22:14:32
137,79,0.79,reference,2024-12-31 15:14:32
138,165,0.54,reference,2025-10-05 05:14:32
138,101,0.72,reference,2025-10-04 21:14:32
138,213,0.4,background,2025-10-04 16:14:32
138,14,0.96,direct_solution,2025-10-05 01:14:32
138,206,0.92,direct_solution,2025-10-04 21:14:32
138,239,0.43,background,2025-10-05 02:14:32
139,243,0.81,direct_solution,2025-02-09 09:14:32
139,83,0.68,reference,2025-02-09 09:14:32
139,53,0.66,reference,2025-02-09 11:14:32
140,98,0.73,reference,2024-11-12 14:14:32
140,7,0.77,reference,2024-11-12 18:14:32
140,191,0.97,direct_solution,2024-11-13 08:14:32
140,188,0.46,background,2024-11-13 06:14:32
140,34,0.82,direct_solution,2024-11-12 13:14:32
140,117,0.69,reference,2024-11-13 03:14:32
141,29,0.32,related,2025-09-17 18:14:32
141,118,0.55,reference,2025-09-17 11:14:32
142,217,0.65,reference,2025-11-02 09:14:32
142,93,0.65,reference,2025-11-03 05:14:32
142,234,0.94,direct_solution,2025-11-02 21:14:32
142,215,0.43,background,2025-11-02 14:14:32
142,54,0.8,direct_solution,2025-11-02 14:14:32
143,162,0.6,reference,2025-09-02 04:14:32
143,156,0.5,reference,2025-09-02 01:14:32
143,219,0.49,related,2025-09-02 04:14:32
143,9,0.8,direct_solution,2025-09-02 01:14:32
143,31,0.34,background,2025-09-01 12:14:32
143,250,0.31,related,2025-09-01 16:14:32
144,187,0.35,background,2025-05-28 15:14:32
144,178,0.37,background,2025-05-28 23:14:32
145,112,0.83,direct_solution,2025-02-08 06:14:32
145,132,0.44,background,2025-02-07 12:14:32
145,243,0.73,reference,2025-02-07 18:14:32
145,103,0.84,direct_solution,2025-02-08 08:14:32
145,237,0.76,reference,2025-02-07 22:14:32
146,192,0.63,reference,2025-05-28 03:14:32
146,70,0.77,reference,2025-05-27 11:14:32
146,209,0.77,reference,2025-05-28 01:14:32
146,82,0.62,reference,2025-05-28 04:14:32
146,160,0.43,background,2025-05-27 21:14:32
146,28,0.84,direct_solution,2025-05-27 19:14:32
147,203,0.61,reference,2025-01-25 13:14:32
147,48,0.32,background,2025-01-26 07:14:32
147,92,0.87,direct_solution,2025-01-25 23:14:32
147,63,0.6,reference,2025-01-25 16:14:32
147,19,0.62,reference,2025-01-26 04:14:32
148,135,0.71,reference,2025-03-13 06:14:32
148,56,0.98,direct_solution,2025-03-12 22:14:32
148,27,0.63,reference,2025-03-12 19:14:32
149,51,0.51,reference,2025-03-08 17:14:32
149,13,0.54,reference,2025-03-08 14:14:32
149,206,0.68,reference,2025-03-08 16:14:32
150,6,0.5,reference,2025-08-02 23:14:32
150,73,0.75,reference,2025-08-02 21:14:32
150,5,0.91,direct_solution,2025-08-03 01:14:32
150,165,0.93,direct_solution,2025-08-02 11:14:32
150,201,0.75,reference,2025-08-02 22:14:32
150,220,0.35,background,2025-08-02 21:14:32
